,LATITUDE,LONGITUDE,FIRE_YEAR,DISCOVERY_DOY,STAT_CAUSE_DESCR,FIRE_SIZE_CLASS,BBOX,Date
0,38.40123252,-79.89524577,2014,129,Structure,C,"[-79.92125, 38.38323, -79.86925, 38.41923]",2014-05-10
1,37.05,-100.92,2015,248,Structure,A,"[-100.946, 37.032, -100.894, 37.068]",2015-09-06
2,34.634547999999995,-80.330238,2015,38,Structure,B,"[-80.35624, 34.61655, -80.30424, 34.65255]",2015-02-08
3,34.672825,-81.73305500000001,2014,21,Structure,B,"[-81.75906, 34.65483, -81.70706, 34.69083]",2014-01-22
4,32.96132,-92.85993,2014,64,Structure,A,"[-92.88593, 32.94332, -92.83393, 32.97932]",2014-03-06
5,43.9,-123.03166999999999,2014,197,Structure,A,"[-123.05767, 43.882, -123.00567, 43.918]",2014-07-17
6,36.06425,-82.53926700000001,2014,129,Structure,B,"[-82.56527, 36.04625, -82.51327, 36.08225]",2014-05-10
7,47.85439728,-92.40781387,2014,153,Structure,A,"[-92.43381, 47.8364, -92.38181, 47.8724]",2014-06-03
8,46.374520000000004,-120.78542,2015,227,Structure,B,"[-120.81142, 46.35652, -120.75942, 46.39252]",2015-08-16
9,46.76653741,-93.67570467,2015,106,Structure,B,"[-93.7017, 46.74854, -93.6497, 46.78454]",2015-04-17
10,36.059567,-86.262233,2014,69,Structure,C,"[-86.28823, 36.04157, -86.23623, 36.07757]",2014-03-11
11,35.042967,-87.8359,2015,46,Structure,C,"[-87.8619, 35.02497, -87.8099, 35.06097]",2015-02-16
12,34.168144,-80.030815,2015,43,Structure,A,"[-80.05682, 34.15014, -80.00482, 34.18614]",2015-02-13
13,40.783402,-111.17041499999999,2014,182,Structure,A,"[-111.19641, 40.7654, -111.14442, 40.8014]",2014-07-02
14,44.87275,-88.62997,2014,130,Structure,B,"[-88.65597, 44.85475, -88.60397, 44.89075]",2014-05-11
15,33.244732,-80.640656,2015,204,Structure,B,"[-80.66666, 33.22673, -80.61466, 33.26273]",2015-07-24
16,44.99361,-122.71583000000001,2014,247,Structure,B,"[-122.74183, 44.97561, -122.68983, 45.01161]",2014-09-05
17,37.17222222,-82.2725,2015,39,Structure,B,"[-82.2985, 37.15422, -82.2465, 37.19022]",2015-02-09
18,37.37,-97.06,2015,71,Structure,C,"[-97.086, 37.352, -97.034, 37.388]",2015-03-13
19,45.6522,-69.3941,2015,203,Structure,B,"[-69.4201, 45.6342, -69.3681, 45.6702]",2015-07-23
20,44.854,-73.5039,2015,142,Structure,A,"[-73.5299, 44.836, -73.4779, 44.872]",2015-05-23
21,36.55763889,-80.59686111,2014,27,Structure,B,"[-80.62286, 36.53964, -80.57086, 36.57564]",2014-01-28
22,38.52986949,-81.0681376,2014,114,Structure,A,"[-81.09414, 38.51187, -81.04214, 38.54787]",2014-04-25
23,30.7473,-86.3841,2015,328,Structure,B,"[-86.4101, 30.7293, -86.3581, 30.7653]",2015-11-25
24,33.522304999999996,-81.874039,2014,241,Structure,B,"[-81.90004, 33.5043, -81.84804, 33.5403]",2014-08-30
25,44.9644,-100.7186,2015,89,Structure,A,"[-100.7446, 44.9464, -100.6926, 44.9824]",2015-03-31
26,48.7386,-118.73,2014,231,Structure,A,"[-118.756, 48.7206, -118.704, 48.7566]",2014-08-20
27,32.212604,-88.306273,2014,287,Structure,B,"[-88.33227, 32.1946, -88.28027, 32.2306]",2014-10-15
28,37.79,-94.67,2015,306,Structure,B,"[-94.696, 37.772, -94.644, 37.808]",2015-11-03
29,37.07,-96.97,2015,75,Structure,B,"[-96.996, 37.052, -96.944, 37.088]",2015-03-17
30,37.94072222,-78.47572222,2015,114,Structure,B,"[-78.50172, 37.92272, -78.44972, 37.95872]",2015-04-25
31,46.9331,-90.89403,2015,120,Structure,A,"[-90.92003, 46.9151, -90.86803, 46.9511]",2015-05-01
32,43.875640000000004,-89.88889,2014,91,Structure,B,"[-89.91489, 43.85764, -89.86289, 43.89364]",2014-04-02
33,38.84,-96.56,2015,286,Structure,C,"[-96.586, 38.822, -96.534, 38.858]",2015-10-14
34,43.02467,-102.54925,2015,209,Structure,A,"[-102.57525, 43.00667, -102.52325, 43.04267]",2015-07-29
35,42.435,-123.0783,2015,238,Structure,B,"[-123.1043, 42.417, -123.0523, 42.453]",2015-08-27
36,34.056385,-80.126137,2014,216,Structure,B,"[-80.15214, 34.03838, -80.10014, 34.07438]",2014-08-05
37,39.60800699,-80.24999638,2015,295,Structure,B,"[-80.276, 39.59001, -80.224, 39.62601]",2015-10-23
38,36.491617,-84.243,2014,73,Structure,B,"[-84.269, 36.47362, -84.217, 36.50962]",2014-03-15
39,36.74711111,-80.57652778,2014,292,Structure,B,"[-80.60253, 36.72911, -80.55053, 36.76511]",2014-10-20
40,41.0758,-123.6783,2015,150,Structure,B,"[-123.7043, 41.0578, -123.6523, 41.0938]",2015-05-31
41,46.70727025,-94.3838433,2015,102,Structure,A,"[-94.40984, 46.68927, -94.35784, 46.72527]",2015-04-13
42,34.74194444,-118.67055556,2014,332,Structure,A,"[-118.69656, 34.72394, -118.64456, 34.75994]",2014-11-29
43,43.02236,-102.54894,2015,174,Structure,A,"[-102.57494, 43.00436, -102.52294, 43.04036]",2015-06-24
44,45.0853,-100.4265,2014,261,Structure,C,"[-100.4525, 45.0673, -100.4005, 45.1033]",2014-09-19
45,46.47887557,-95.11701472,2015,86,Structure,B,"[-95.14301, 46.46088, -95.09101, 46.49688]",2015-03-28
46,36.221808,-77.62262199999999,2015,292,Structure,B,"[-77.64862, 36.20381, -77.59662, 36.23981]",2015-10-20
47,38.45,-96.0,2015,72,Structure,B,"[-96.026, 38.432, -95.974, 38.468]",2015-03-14
48,39.07676336,-81.61817286,2015,294,Structure,B,"[-81.64417, 39.05876, -81.59217, 39.09476]",2015-10-22
49,48.893,-119.0656,2015,215,Structure,A,"[-119.0916, 48.875, -119.0396, 48.911]",2015-08-04
50,37.31236668,-81.15223878,2014,78,Structure,A,"[-81.17824, 37.29437, -81.12624, 37.33037]",2014-03-20
51,38.76638368,-81.84938991,2015,88,Structure,A,"[-81.87539, 38.74838, -81.82339, 38.78438]",2015-03-30
52,47.8446,-117.8456,2014,190,Structure,F,"[-117.8716, 47.8266, -117.8196, 47.8626]",2014-07-10
53,43.98994238,-73.063141,2015,330,Structure,B,"[-73.08914, 43.97194, -73.03714, 44.00794]",2015-11-27
54,36.66305556,-79.88416667,2014,70,Structure,B,"[-79.91017, 36.64506, -79.85817, 36.68106]",2014-03-12
55,31.995373999999998,-87.922236,2015,25,Structure,A,"[-87.94824, 31.97737, -87.89624, 32.01337]",2015-01-26
56,38.655,-82.49305556,2014,70,Structure,B,"[-82.51906, 38.637, -82.46706, 38.673]",2014-03-12
57,43.3436,-102.2114,2015,233,Structure,B,"[-102.2374, 43.3256, -102.1854, 43.3616]",2015-08-22
58,44.963059,-69.746143,2015,124,Structure,B,"[-69.77214, 44.94506, -69.72014, 44.98106]",2015-05-05
59,42.627272,-71.348969,2015,129,Structure,B,"[-71.37497, 42.60927, -71.32297, 42.64527]",2015-05-10
60,39.8247,-123.2289,2014,199,Structure,B,"[-123.2549, 39.8067, -123.2029, 39.8427]",2014-07-19
61,33.484081,-81.60835300000001,2014,128,Structure,B,"[-81.63435, 33.46608, -81.58235, 33.50208]",2014-05-09
62,34.243151,-87.69623399999999,2014,109,Structure,C,"[-87.72223, 34.22515, -87.67023, 34.26115]",2014-04-20
63,37.58227778,-76.66180556,2014,114,Structure,B,"[-76.68781, 37.56428, -76.63581, 37.60028]",2014-04-25
64,38.67,-96.94,2015,343,Structure,A,"[-96.966, 38.652, -96.914, 38.688]",2015-12-10
65,47.7022,-102.5664,2015,100,Structure,B,"[-102.5924, 47.6842, -102.5404, 47.7202]",2015-04-11
66,41.688946,-71.58622,2015,144,Structure,B,"[-71.61222, 41.67095, -71.56022, 41.70695]",2015-05-25
67,34.201836,-79.207176,2014,134,Structure,A,"[-79.23318, 34.18384, -79.18118, 34.21984]",2014-05-15
68,43.030190000000005,-102.55094,2014,156,Structure,B,"[-102.57694, 43.01219, -102.52494, 43.04819]",2014-06-06
69,30.6944,-84.7772,2015,292,Structure,B,"[-84.8032, 30.6764, -84.7512, 30.7124]",2015-10-20
70,48.106809999999996,-118.70567,2015,108,Structure,B,"[-118.73167, 48.08881, -118.67967, 48.12481]",2015-04-19
71,39.83,-99.89,2015,205,Structure,A,"[-99.916, 39.812, -99.864, 39.848]",2015-07-25
72,34.552071000000005,-82.024361,2014,90,Structure,C,"[-82.05036, 34.53407, -81.99836, 34.57007]",2014-04-01
73,44.917021000000005,-68.924513,2015,281,Structure,A,"[-68.95051, 44.89902, -68.89851, 44.93502]",2015-10-09
74,33.09668,-80.597672,2015,166,Structure,B,"[-80.62367, 33.07868, -80.57167, 33.11468]",2015-06-16
75,34.743992,-81.859154,2014,86,Structure,B,"[-81.88515, 34.72599, -81.83315, 34.76199]",2014-03-28
76,39.35,-99.97,2015,291,Structure,D,"[-99.996, 39.332, -99.944, 39.368]",2015-10-19
77,30.7517,-84.973,2014,18,Structure,B,"[-84.999, 30.7337, -84.947, 30.7697]",2014-01-19
78,45.662753,-100.534588,2014,268,Structure,C,"[-100.56059, 45.64475, -100.50859, 45.68075]",2014-09-26
79,29.8692,-83.6024,2015,292,Structure,B,"[-83.6284, 29.8512, -83.5764, 29.8872]",2015-10-20
80,34.86972222,-83.54638889,2014,101,Structure,B,"[-83.57239, 34.85172, -83.52039, 34.88772]",2014-04-12
81,32.387485,-85.667806,2015,52,Structure,D,"[-85.69381, 32.36948, -85.64181, 32.40548]",2015-02-22
82,42.2561,-76.5604,2015,269,Structure,A,"[-76.5864, 42.2381, -76.5344, 42.2741]",2015-09-27
83,39.83,-99.89,2015,186,Structure,A,"[-99.916, 39.812, -99.864, 39.848]",2015-07-06
84,35.443594,-79.578528,2015,206,Structure,A,"[-79.60453, 35.42559, -79.55253, 35.46159]",2015-07-26
85,43.14783,-102.37456,2015,267,Structure,B,"[-102.40056, 43.12983, -102.34856, 43.16583]",2015-09-25
86,44.80731,-89.78434,2015,115,Structure,A,"[-89.81034, 44.78931, -89.75834, 44.82531]",2015-04-26
87,47.58524476,-95.03591572,2014,106,Structure,A,"[-95.06192, 47.56724, -95.00992, 47.60324]",2014-04-17
88,43.53821,-89.86639,2014,130,Structure,A,"[-89.89239, 43.52021, -89.84039, 43.55621]",2014-05-11
89,45.664390000000004,-100.53453,2014,356,Structure,A,"[-100.56053, 45.64639, -100.50853, 45.68239]",2014-12-23
90,35.02638889,-83.64388889,2014,59,Structure,C,"[-83.66989, 35.00839, -83.61789, 35.04439]",2014-03-01
91,43.147890000000004,-102.37006,2015,275,Structure,B,"[-102.39606, 43.12989, -102.34406, 43.16589]",2015-10-03
92,42.0835,-76.304,2015,92,Structure,B,"[-76.33, 42.0655, -76.278, 42.1015]",2015-04-03
93,46.3722,-100.5833,2015,263,Structure,B,"[-100.6093, 46.3542, -100.5573, 46.3902]",2015-09-21
94,43.02683,-102.55636,2015,269,Structure,A,"[-102.58236, 43.00883, -102.53036, 43.04483]",2015-09-27
95,38.00586096,-80.94007314,2014,80,Structure,B,"[-80.96607, 37.98786, -80.91407, 38.02386]",2014-03-22
96,33.523495000000004,-81.920059,2014,125,Structure,B,"[-81.94606, 33.5055, -81.89406, 33.5415]",2014-05-06
97,38.69,-97.0,2015,72,Structure,D,"[-97.026, 38.672, -96.974, 38.708]",2015-03-14
98,35.961617,-88.702083,2015,21,Structure,A,"[-88.72808, 35.94362, -88.67608, 35.97962]",2015-01-22
99,43.870709999999995,-89.55259000000001,2015,93,Structure,A,"[-89.57859, 43.85271, -89.52659, 43.88871]",2015-04-04
100,46.375,-102.321,2015,116,Structure,B,"[-102.347, 46.357, -102.295, 46.393]",2015-04-27
101,31.26793,-88.167778,2014,24,Structure,C,"[-88.19378, 31.24993, -88.14178, 31.28593]",2014-01-25
102,44.74984,-91.09191,2015,123,Structure,B,"[-91.11791, 44.73184, -91.06591, 44.76784]",2015-05-04
103,37.71472222,-78.25527778,2014,127,Structure,A,"[-78.28128, 37.69672, -78.22928, 37.73272]",2014-05-08
104,34.078644,-79.743584,2015,44,Structure,B,"[-79.76958, 34.06064, -79.71758, 34.09664]",2015-02-14
105,44.551,-117.4195,2014,172,Structure,D,"[-117.4455, 44.533, -117.3935, 44.569]",2014-06-22
106,34.359359999999995,-79.322456,2014,95,Structure,B,"[-79.34846, 34.34136, -79.29646, 34.37736]",2014-04-06
107,39.57,-95.3,2015,16,Structure,B,"[-95.326, 39.552, -95.274, 39.588]",2015-01-17
108,35.3614,-84.328383,2014,335,Structure,A,"[-84.35438, 35.3434, -84.30238, 35.3794]",2014-12-02
109,46.9925,-123.4918,2015,232,Structure,B,"[-123.5178, 46.9745, -123.4658, 47.0105]",2015-08-21
110,44.979729999999996,-84.58866,2014,100,Structure,A,"[-84.61466, 44.96173, -84.56266, 44.99773]",2014-04-11
111,31.62105,-93.04139,2014,12,Structure,B,"[-93.06739, 31.60305, -93.01539, 31.63905]",2014-01-13
112,38.9492,-123.6661,2014,124,Structure,B,"[-123.6921, 38.9312, -123.6401, 38.9672]",2014-05-05
113,37.06,-95.75,2015,94,Structure,C,"[-95.776, 37.042, -95.724, 37.078]",2015-04-05
114,34.240688,-80.53842900000001,2014,80,Structure,B,"[-80.56443, 34.22269, -80.51243, 34.25869]",2014-03-22
115,34.01,-111.32055556,2014,176,Structure,A,"[-111.34656, 33.992, -111.29456, 34.028]",2014-06-26
116,34.29002,-80.968781,2014,21,Structure,B,"[-80.99478, 34.27202, -80.94278, 34.30802]",2014-01-22
117,43.994640000000004,-89.81953,2014,162,Structure,B,"[-89.84553, 43.97664, -89.79353, 44.01264]",2014-06-12
118,35.513333,-87.48615,2015,56,Structure,A,"[-87.51215, 35.49533, -87.46015, 35.53133]",2015-02-26
119,45.600390000000004,-87.96254,2014,134,Structure,C,"[-87.98854, 45.58239, -87.93654, 45.61839]",2014-05-15
120,39.02,-96.83,2015,75,Structure,A,"[-96.856, 39.002, -96.804, 39.038]",2015-03-17
121,30.803209999999996,-90.61723,2014,146,Structure,A,"[-90.64323, 30.78521, -90.59123, 30.82121]",2014-05-27
122,35.607683,-84.900767,2015,164,Structure,A,"[-84.92677, 35.58968, -84.87477, 35.62568]",2015-06-14
123,43.428059999999995,-102.18236,2015,238,Structure,B,"[-102.20836, 43.41006, -102.15636, 43.44606]",2015-08-27
124,39.09,-94.83,2015,94,Structure,A,"[-94.856, 39.072, -94.804, 39.108]",2015-04-05
125,37.11,-95.67,2015,344,Structure,C,"[-95.696, 37.092, -95.644, 37.128]",2015-12-11
126,35.211133000000004,-84.57655,2014,155,Structure,A,"[-84.60255, 35.19313, -84.55055, 35.22913]",2014-06-05
127,36.99534167,-82.05176111,2014,32,Structure,B,"[-82.07776, 36.97734, -82.02576, 37.01334]",2014-02-02
128,26.8566,-81.4712,2015,55,Structure,B,"[-81.4972, 26.8386, -81.4452, 26.8746]",2015-02-25
129,43.028,-102.57253,2015,215,Structure,B,"[-102.59853, 43.01, -102.54653, 43.046]",2015-08-04
130,36.83825,-76.83022222,2015,84,Structure,B,"[-76.85622, 36.82025, -76.80422, 36.85625]",2015-03-26
131,44.5126,-74.8881,2015,313,Structure,A,"[-74.9141, 44.4946, -74.8621, 44.5306]",2015-11-10
132,35.944717,-87.383483,2014,113,Structure,C,"[-87.40948, 35.92672, -87.35748, 35.96272]",2014-04-24
133,44.4438,-90.60918000000001,2015,287,Structure,A,"[-90.63518, 44.4258, -90.58318, 44.4618]",2015-10-15
134,46.5205,-92.1431,2015,104,Structure,B,"[-92.1691, 46.5025, -92.1171, 46.5385]",2015-04-15
135,36.433316999999995,-88.00125,2015,347,Structure,B,"[-88.02725, 36.41532, -87.97525, 36.45132]",2015-12-14
136,42.99986,-102.55521999999999,2015,245,Structure,B,"[-102.58122, 42.98186, -102.52922, 43.01786]",2015-09-03
137,36.19655,-88.26025,2014,247,Structure,B,"[-88.28625, 36.17855, -88.23425, 36.21455]",2014-09-05
138,46.07813064,-94.42839461,2015,93,Structure,A,"[-94.45439, 46.06013, -94.40239, 46.09613]",2015-04-04
139,35.609206,-81.987712,2015,330,Structure,A,"[-82.01371, 35.59121, -81.96171, 35.62721]",2015-11-27
140,34.7681,-106.7094,2014,158,Structure,B,"[-106.7354, 34.7501, -106.6834, 34.7861]",2014-06-08
141,39.03,-95.79,2015,290,Structure,A,"[-95.816, 39.012, -95.764, 39.048]",2015-10-18
142,46.68768,-68.784058,2015,300,Structure,A,"[-68.81006, 46.66968, -68.75806, 46.70568]",2015-10-28
143,34.414474,-80.53439300000001,2015,45,Structure,A,"[-80.56039, 34.39647, -80.50839, 34.43247]",2015-02-15
144,44.1908,-75.3078,2015,108,Structure,B,"[-75.3338, 44.1728, -75.2818, 44.2088]",2015-04-19
145,47.9683,-115.2333,2014,191,Structure,A,"[-115.2593, 47.9503, -115.2073, 47.9863]",2014-07-11
146,31.034239000000003,-88.23609499999999,2014,147,Structure,B,"[-88.26209, 31.01624, -88.2101, 31.05224]",2014-05-28
147,41.30277778,-123.53888889,2014,204,Structure,A,"[-123.56489, 41.28478, -123.51289, 41.32078]",2014-07-24
148,46.02,-99.22,2015,274,Structure,A,"[-99.246, 46.002, -99.194, 46.038]",2015-10-02
149,43.81577,-89.24779000000001,2014,303,Structure,B,"[-89.27379, 43.79777, -89.22179, 43.83377]",2014-10-31
150,34.145336,-80.433838,2015,142,Structure,B,"[-80.45984, 34.12734, -80.40784, 34.16334]",2015-05-23
151,39.7975,-123.2661,2014,165,Structure,B,"[-123.2921, 39.7795, -123.2401, 39.8155]",2014-06-15
152,32.8359,-108.0789,2014,95,Structure,B,"[-108.1049, 32.8179, -108.0529, 32.8539]",2014-04-06
153,30.80582,-90.99493000000001,2014,32,Structure,B,"[-91.02093, 30.78782, -90.96893, 30.82382]",2014-02-02
154,28.01108333,-97.898,2015,222,Structure,B,"[-97.924, 27.99308, -97.872, 28.02908]",2015-08-11
155,44.17944,-122.21,2014,277,Structure,A,"[-122.236, 44.16144, -122.184, 44.19744]",2014-10-05
156,38.77,-94.63,2015,23,Structure,C,"[-94.656, 38.752, -94.604, 38.788]",2015-01-24
157,37.56788069,-81.34445649999999,2015,308,Structure,B,"[-81.37046, 37.54988, -81.31846, 37.58588]",2015-11-05
158,39.8208,-123.275,2014,26,Structure,B,"[-123.301, 39.8028, -123.249, 39.8388]",2014-01-27
159,33.014225,-87.7373,2015,268,Structure,B,"[-87.7633, 32.99623, -87.7113, 33.03223]",2015-09-26
160,32.82194444,-116.64194444,2014,309,Structure,A,"[-116.66794, 32.80394, -116.61594, 32.83994]",2014-11-06
161,35.147411,-81.454735,2014,233,Structure,A,"[-81.48074, 35.12941, -81.42874, 35.16541]",2014-08-22
162,34.4131,-95.0047,2014,71,Structure,B,"[-95.0307, 34.3951, -94.9787, 34.4311]",2014-03-13
163,34.595436,-81.52666500000001,2014,80,Structure,B,"[-81.55266, 34.57744, -81.50067, 34.61344]",2014-03-22
164,46.4624,-120.41718,2015,222,Structure,B,"[-120.44318, 46.4444, -120.39118, 46.4804]",2015-08-11
165,46.52211,-90.39397,2015,326,Structure,A,"[-90.41997, 46.50411, -90.36797, 46.54011]",2015-11-23
166,35.73905,-84.840633,2015,91,Structure,B,"[-84.86663, 35.72105, -84.81463, 35.75705]",2015-04-02
167,43.224953,-102.33483299999999,2014,235,Structure,A,"[-102.36083, 43.20695, -102.30883, 43.24295]",2014-08-24
168,37.12416667,-81.69083333,2014,70,Structure,C,"[-81.71683, 37.10617, -81.66483, 37.14217]",2014-03-12
169,39.13303618,-81.45390725,2015,91,Structure,B,"[-81.47991, 39.11504, -81.42791, 39.15104]",2015-04-02
170,42.5183,-74.7521,2015,244,Structure,A,"[-74.7781, 42.5003, -74.7261, 42.5363]",2015-09-02
171,44.71083,-89.78312,2014,136,Structure,B,"[-89.80912, 44.69283, -89.75712, 44.72883]",2014-05-17
172,36.86527778,-79.33972222,2015,39,Structure,B,"[-79.36572, 36.84728, -79.31372, 36.88328]",2015-02-09
173,41.71841,-76.47475,2015,71,Structure,B,"[-76.50075, 41.70041, -76.44875, 41.73641]",2015-03-13
174,34.102127,-79.70165300000001,2015,77,Structure,B,"[-79.72765, 34.08413, -79.67565, 34.12013]",2015-03-19
175,36.3213,-88.310867,2014,32,Structure,B,"[-88.33687, 36.3033, -88.28487, 36.3393]",2014-02-02
176,45.8381,-100.4597,2014,64,Structure,A,"[-100.4857, 45.8201, -100.4337, 45.8561]",2014-03-06
177,39.73916667,-120.58611111,2014,182,Structure,B,"[-120.61211, 39.72117, -120.56011, 39.75717]",2014-07-02
178,34.267052,-81.214073,2014,149,Structure,A,"[-81.24007, 34.24905, -81.18807, 34.28505]",2014-05-30
179,43.24856,-102.33175,2014,287,Structure,A,"[-102.35775, 43.23056, -102.30575, 43.26656]",2014-10-15
180,33.063,-94.55416667,2015,199,Structure,B,"[-94.58017, 33.045, -94.52817, 33.081]",2015-07-19
181,45.61278,-121.26806,2014,220,Structure,C,"[-121.29406, 45.59478, -121.24206, 45.63078]",2014-08-09
182,45.214696,-68.418617,2015,126,Structure,C,"[-68.44462, 45.1967, -68.39262, 45.2327]",2015-05-07
183,37.8719145,-81.24884627,2014,71,Structure,B,"[-81.27485, 37.85391, -81.22285, 37.88991]",2014-03-13
184,35.202067,-87.2847,2015,297,Structure,A,"[-87.3107, 35.18407, -87.2587, 35.22007]",2015-10-25
185,44.11108,-110.66944,2015,171,Structure,A,"[-110.69544, 44.09308, -110.64344, 44.12908]",2015-06-21
186,48.0335,-117.7344,2015,196,Structure,B,"[-117.7604, 48.0155, -117.7084, 48.0515]",2015-07-16
187,43.20697,-102.87335999999999,2014,96,Structure,B,"[-102.89936, 43.18897, -102.84736, 43.22497]",2014-04-07
188,36.91027778,-82.31222222,2015,319,Structure,B,"[-82.33822, 36.89228, -82.28622, 36.92828]",2015-11-16
189,29.2206,-82.7356,2014,340,Structure,B,"[-82.7616, 29.2026, -82.7096, 29.2386]",2014-12-07
190,37.56,-97.26,2015,92,Structure,A,"[-97.286, 37.542, -97.234, 37.578]",2015-04-03
191,45.083999999999996,-108.264,2015,343,Structure,B,"[-108.29, 45.066, -108.238, 45.102]",2015-12-10
192,30.2352,-81.92399999999999,2014,75,Structure,B,"[-81.95, 30.2172, -81.898, 30.2532]",2014-03-17
193,40.42382,-77.27234,2015,117,Structure,B,"[-77.29834, 40.40582, -77.24634, 40.44182]",2015-04-28
194,30.5693,-85.3543,2015,280,Structure,B,"[-85.3803, 30.5513, -85.3283, 30.5873]",2015-10-08
195,35.0713,-87.828417,2014,91,Structure,B,"[-87.85442, 35.0533, -87.80242, 35.0893]",2014-04-02
196,37.35833333,-76.93613889,2014,59,Structure,A,"[-76.96214, 37.34033, -76.91014, 37.37633]",2014-03-01
197,34.540794,-80.988403,2015,192,Structure,B,"[-81.0144, 34.52279, -80.9624, 34.55879]",2015-07-12
198,32.887170000000005,-88.12118000000001,2015,266,Structure,A,"[-88.14718, 32.86917, -88.09518, 32.90517]",2015-09-24
199,36.568217,-83.45661700000001,2014,57,Structure,B,"[-83.48262, 36.55022, -83.43062, 36.58622]",2014-02-27
200,48.8551,-119.316,2015,200,Structure,A,"[-119.342, 48.8371, -119.29, 48.8731]",2015-07-20
201,36.224338,-78.584928,2015,237,Structure,B,"[-78.61093, 36.20634, -78.55893, 36.24234]",2015-08-26
202,33.61792,-81.67315699999999,2014,233,Structure,B,"[-81.69916, 33.59992, -81.64716, 33.63592]",2014-08-22
203,46.623847999999995,-91.489215,2014,306,Structure,A,"[-91.51522, 46.60585, -91.46322, 46.64185]",2014-11-03
204,43.1865,-102.74108000000001,2014,346,Structure,A,"[-102.76708, 43.1685, -102.71508, 43.2045]",2014-12-13
205,43.186436,-102.740089,2014,66,Structure,A,"[-102.76609, 43.16844, -102.71409, 43.20444]",2014-03-08
206,48.5998,-119.1864,2014,188,Structure,A,"[-119.2124, 48.5818, -119.1604, 48.6178]",2014-07-08
207,46.08831,-100.62861,2015,9,Structure,A,"[-100.65461, 46.07031, -100.60261, 46.10631]",2015-01-10
208,44.153,-75.3193,2015,230,Structure,A,"[-75.3453, 44.135, -75.2933, 44.171]",2015-08-19
209,39.44718611,-78.49422847,2014,81,Structure,A,"[-78.52023, 39.42919, -78.46823, 39.46519]",2014-03-23
210,30.24596667,-95.40171667,2015,266,Structure,B,"[-95.42772, 30.22797, -95.37572, 30.26397]",2015-09-24
211,37.3,-95.8,2015,315,Structure,E,"[-95.826, 37.282, -95.774, 37.318]",2015-11-12
212,29.2393,-82.9993,2015,96,Structure,B,"[-83.0253, 29.2213, -82.9733, 29.2573]",2015-04-07
213,44.120470000000005,-89.23784,2014,126,Structure,B,"[-89.26384, 44.10247, -89.21184, 44.13847]",2014-05-07
214,48.8336,-99.7453,2014,131,Structure,B,"[-99.7713, 48.8156, -99.7193, 48.8516]",2014-05-12
215,36.307125,-83.311838,2014,57,Structure,B,"[-83.33784, 36.28912, -83.28584, 36.32512]",2014-02-27
216,34.46111111,-118.19055556,2014,75,Structure,A,"[-118.21656, 34.44311, -118.16456, 34.47911]",2014-03-17
217,35.68915,-89.57731700000001,2014,334,Structure,B,"[-89.60332, 35.67115, -89.55132, 35.70715]",2014-12-01
218,46.7296,-112.9504,2014,265,Structure,A,"[-112.9764, 46.7116, -112.9244, 46.7476]",2014-09-23
219,31.15111,-92.84196,2014,12,Structure,B,"[-92.86796, 31.13311, -92.81596, 31.16911]",2014-01-13
220,38.88,-97.7,2015,50,Structure,A,"[-97.726, 38.862, -97.674, 38.898]",2015-02-20
221,48.8403,-99.7258,2014,227,Structure,B,"[-99.7518, 48.8223, -99.6998, 48.8583]",2014-08-16
222,34.1446,-109.5334,2014,361,Structure,B,"[-109.5594, 34.1266, -109.5074, 34.1626]",2014-12-28
223,44.665,-101.581,2014,145,Structure,A,"[-101.607, 44.647, -101.555, 44.683]",2014-05-26
224,37.33161111,-78.97155556,2015,30,Structure,B,"[-78.99756, 37.31361, -78.94556, 37.34961]",2015-01-31
225,33.973078,-87.278141,2015,237,Structure,A,"[-87.30414, 33.95508, -87.25214, 33.99108]",2015-08-26
226,33.432796,-81.27166,2015,37,Structure,B,"[-81.29766, 33.4148, -81.24566, 33.4508]",2015-02-07
227,41.18934,-78.3563,2015,307,Structure,B,"[-78.3823, 41.17134, -78.3303, 41.20734]",2015-11-04
228,47.7147,-96.2687,2014,106,Structure,A,"[-96.2947, 47.6967, -96.2427, 47.7327]",2014-04-17
229,31.16051,-93.3887,2014,88,Structure,A,"[-93.4147, 31.14251, -93.3627, 31.17851]",2014-03-30
230,29.9878,-84.3979,2014,144,Structure,A,"[-84.4239, 29.9698, -84.3719, 30.0058]",2014-05-25
231,35.98222222,-81.82166667,2014,352,Structure,C,"[-81.84767, 35.96422, -81.79567, 36.00022]",2014-12-19
232,38.29010865,-80.86184159999999,2014,69,Structure,A,"[-80.88784, 38.27211, -80.83584, 38.30811]",2014-03-11
233,37.23,-96.9,2015,24,Structure,B,"[-96.926, 37.212, -96.874, 37.248]",2015-01-25
234,29.322,-82.7993,2015,114,Structure,B,"[-82.8253, 29.304, -82.7733, 29.34]",2015-04-25
235,30.4777,-85.4196,2015,85,Structure,B,"[-85.4456, 30.4597, -85.3936, 30.4957]",2015-03-27
236,45.0503,-101.59858,2015,138,Structure,A,"[-101.62458, 45.0323, -101.57258, 45.0683]",2015-05-19
237,44.477256,-70.641191,2015,328,Structure,A,"[-70.66719, 44.45926, -70.61519, 44.49526]",2015-11-25
238,38.435,-78.1785,2014,73,Structure,B,"[-78.2045, 38.417, -78.1525, 38.453]",2014-03-15
239,46.9127,-113.656,2014,259,Structure,A,"[-113.682, 46.8947, -113.63, 46.9307]",2014-09-17
240,34.133492,-80.91471899999999,2014,102,Structure,A,"[-80.94072, 34.11549, -80.88872, 34.15149]",2014-04-13
241,43.85861,-121.48556,2014,196,Structure,A,"[-121.51156, 43.84061, -121.45956, 43.87661]",2014-07-16
242,33.911358,-81.29370899999999,2014,334,Structure,B,"[-81.31971, 33.89336, -81.26771, 33.92936]",2014-12-01
243,35.034168,-82.498611,2014,73,Structure,A,"[-82.52461, 35.01617, -82.47261, 35.05217]",2014-03-15
244,40.7396,-111.41838500000001,2014,206,Structure,D,"[-111.44439, 40.7216, -111.39239, 40.7576]",2014-07-26
245,40.42888889,-123.20111111,2014,203,Structure,A,"[-123.22711, 40.41089, -123.17511, 40.44689]",2014-07-23
246,41.3358,-74.1842,2015,227,Structure,B,"[-74.2102, 41.3178, -74.1582, 41.3538]",2015-08-16
247,42.2597,-123.1406,2015,170,Structure,B,"[-123.1666, 42.2417, -123.1146, 42.2777]",2015-06-20
248,35.98515,-85.921533,2015,87,Structure,B,"[-85.94753, 35.96715, -85.89553, 36.00315]",2015-03-29
249,48.31727,-118.19446,2014,209,Structure,A,"[-118.22046, 48.29927, -118.16846, 48.33527]",2014-07-29
250,41.6894,-74.9463,2014,326,Structure,B,"[-74.9723, 41.6714, -74.9203, 41.7074]",2014-11-23
251,35.110245,-81.185478,2014,317,Structure,B,"[-81.21148, 35.09224, -81.15948, 35.12824]",2014-11-14
252,40.85166667,-123.48555556,2014,182,Structure,B,"[-123.51156, 40.83367, -123.45956, 40.86967]",2014-07-02
253,39.710679999999996,-75.841073,2014,291,Structure,A,"[-75.86707, 39.69268, -75.81507, 39.72868]",2014-10-19
254,38.30951489,-82.14080798,2014,325,Structure,B,"[-82.16681, 38.29151, -82.11481, 38.32751]",2014-11-22
255,48.8492,-99.9106,2015,145,Structure,A,"[-99.9366, 48.8312, -99.8846, 48.8672]",2015-05-26
256,39.8053,-123.2025,2015,156,Structure,A,"[-123.2285, 39.7873, -123.1765, 39.8233]",2015-06-06
257,37.12,-95.67,2015,344,Structure,C,"[-95.696, 37.102, -95.644, 37.138]",2015-12-11
258,34.748608000000004,-80.32933,2014,189,Structure,C,"[-80.35533, 34.73061, -80.30333, 34.76661]",2014-07-09
259,38.56,-94.67,2015,56,Structure,C,"[-94.696, 38.542, -94.644, 38.578]",2015-02-26
260,48.376329999999996,-119.39217,2015,184,Structure,D,"[-119.41817, 48.35833, -119.36617, 48.39433]",2015-07-04
261,38.2304692,-81.88401098,2014,80,Structure,B,"[-81.91001, 38.21247, -81.85801, 38.24847]",2014-03-22
262,47.5542,-117.096,2015,258,Structure,A,"[-117.122, 47.5362, -117.07, 47.5722]",2015-09-16
263,47.1025,-113.375,2015,266,Structure,A,"[-113.401, 47.0845, -113.349, 47.1205]",2015-09-24
264,47.9051,-117.3414,2015,178,Structure,B,"[-117.3674, 47.8871, -117.3154, 47.9231]",2015-06-28
265,43.02978,-102.55856,2014,162,Structure,B,"[-102.58456, 43.01178, -102.53256, 43.04778]",2014-06-12
266,44.848989,-93.369095,2015,91,Structure,C,"[-93.3951, 44.83099, -93.3431, 44.86699]",2015-04-02
267,33.583332,-80.199997,2014,119,Structure,B,"[-80.226, 33.56533, -80.174, 33.60133]",2014-04-30
268,43.40344,-102.16183000000001,2014,265,Structure,B,"[-102.18783, 43.38544, -102.13583, 43.42144]",2014-09-23
269,41.681303,-71.699344,2015,158,Structure,A,"[-71.72534, 41.6633, -71.67334, 41.6993]",2015-06-08
270,45.67708,-87.95862,2015,185,Structure,B,"[-87.98462, 45.65908, -87.93262, 45.69508]",2015-07-05
271,37.42,-95.68,2015,46,Structure,A,"[-95.706, 37.402, -95.654, 37.438]",2015-02-16
272,32.875076,-80.984695,2015,210,Structure,B,"[-81.0107, 32.85708, -80.9587, 32.89308]",2015-07-30
273,34.433067,-80.34594,2014,324,Structure,B,"[-80.37194, 34.41507, -80.31994, 34.45107]",2014-11-21
274,47.8827,-117.833,2014,162,Structure,A,"[-117.859, 47.8647, -117.807, 47.9007]",2014-06-12
275,37.33,-96.99,2015,73,Structure,D,"[-97.016, 37.312, -96.964, 37.348]",2015-03-15
276,38.16,-97.91,2015,75,Structure,C,"[-97.936, 38.142, -97.884, 38.178]",2015-03-17
277,37.34,-95.77,2015,315,Structure,C,"[-95.796, 37.322, -95.744, 37.358]",2015-11-12
278,44.501000000000005,-90.18401999999999,2015,120,Structure,B,"[-90.21002, 44.483, -90.15802, 44.519]",2015-05-01
279,45.023004,-94.909207,2015,126,Structure,B,"[-94.93521, 45.005, -94.88321, 45.041]",2015-05-07
280,38.538225,-78.54656389,2014,325,Structure,B,"[-78.57256, 38.52022, -78.52056, 38.55622]",2014-11-22
281,48.52881,-113.01697,2014,185,Structure,A,"[-113.04297, 48.51081, -112.99097, 48.54681]",2014-07-05
282,39.7989,-123.2717,2014,136,Structure,B,"[-123.2977, 39.7809, -123.2457, 39.8169]",2014-05-17
283,35.95735,-87.6338,2014,106,Structure,B,"[-87.6598, 35.93935, -87.6078, 35.97535]",2014-04-17
284,43.76695,-89.21656999999999,2015,351,Structure,A,"[-89.24257, 43.74895, -89.19057, 43.78495]",2015-12-18
285,36.73055556,-79.56111111,2015,296,Structure,B,"[-79.58711, 36.71256, -79.53511, 36.74856]",2015-10-24
286,42.4072,-123.1475,2015,158,Structure,B,"[-123.1735, 42.3892, -123.1215, 42.4252]",2015-06-08
287,30.6422,-87.2824,2014,348,Structure,C,"[-87.3084, 30.6242, -87.2564, 30.6602]",2014-12-15
288,36.023728000000006,-118.79961499999999,2014,26,Structure,A,"[-118.82561, 36.00573, -118.77362, 36.04173]",2014-01-27
289,44.553049,-68.77709899999999,2015,121,Structure,A,"[-68.8031, 44.53505, -68.7511, 44.57105]",2015-05-02
290,33.969355,-87.032974,2015,170,Structure,B,"[-87.05897, 33.95136, -87.00697, 33.98736]",2015-06-20
291,37.01,-95.73,2015,328,Structure,C,"[-95.756, 36.992, -95.704, 37.028]",2015-11-25
292,38.92194444,-86.53583333,2014,90,Structure,B,"[-86.56183, 38.90394, -86.50983, 38.93994]",2014-04-01
293,48.7958,-119.0552,2014,52,Structure,A,"[-119.0812, 48.7778, -119.0292, 48.8138]",2014-02-22
294,37.165,-80.68194444,2015,317,Structure,B,"[-80.70794, 37.147, -80.65594, 37.183]",2015-11-14
295,33.334699,-86.195409,2014,316,Structure,A,"[-86.22141, 33.3167, -86.16941, 33.3527]",2014-11-13
296,38.31527778,-77.21694444,2015,78,Structure,B,"[-77.24294, 38.29728, -77.19094, 38.33328]",2015-03-20
297,37.06,-95.72,2015,342,Structure,A,"[-95.746, 37.042, -95.694, 37.078]",2015-12-09
298,48.9376,-99.065,2015,105,Structure,C,"[-99.091, 48.9196, -99.039, 48.9556]",2015-04-16
299,38.36362152,-81.01865799,2014,96,Structure,B,"[-81.04466, 38.34562, -80.99266, 38.38162]",2014-04-07
300,36.5132,-86.73786700000001,2014,110,Structure,B,"[-86.76387, 36.4952, -86.71187, 36.5312]",2014-04-21
301,42.2926,-123.1023,2014,86,Structure,A,"[-123.1283, 42.2746, -123.0763, 42.3106]",2014-03-28
302,43.0886,-101.0256,2014,225,Structure,B,"[-101.0516, 43.0706, -100.9996, 43.1066]",2014-08-14
303,44.718614,-68.720056,2015,134,Structure,B,"[-68.74606, 44.70061, -68.69406, 44.73661]",2015-05-15
304,32.88195,-93.67262,2014,167,Structure,B,"[-93.69862, 32.86395, -93.64662, 32.89995]",2014-06-17
305,48.7566,-118.9268,2014,210,Structure,D,"[-118.9528, 48.7386, -118.9008, 48.7746]",2014-07-30
306,46.898999999999994,-119.2272,2015,123,Structure,A,"[-119.2532, 46.881, -119.2012, 46.917]",2015-05-04
307,46.55983,-91.575,2015,96,Structure,A,"[-91.601, 46.54183, -91.549, 46.57783]",2015-04-07
308,30.5049,-83.68,2014,249,Structure,A,"[-83.706, 30.4869, -83.654, 30.5229]",2014-09-07
309,30.7839,-85.3127,2015,224,Structure,B,"[-85.3387, 30.7659, -85.2867, 30.8019]",2015-08-13
310,33.960198999999996,-87.470391,2014,91,Structure,C,"[-87.49639, 33.9422, -87.44439, 33.9782]",2014-04-02
311,32.445612,-85.496658,2014,25,Structure,B,"[-85.52266, 32.42761, -85.47066, 32.46361]",2014-01-26
312,38.89,-99.35,2015,271,Structure,A,"[-99.376, 38.872, -99.324, 38.908]",2015-09-29
313,46.0853,-100.6325,2015,210,Structure,A,"[-100.6585, 46.0673, -100.6065, 46.1033]",2015-07-30
314,45.8779,-87.6729,2014,148,Structure,B,"[-87.6989, 45.8599, -87.6469, 45.8959]",2014-05-29
315,43.489218,-70.773786,2015,127,Structure,A,"[-70.79979, 43.47122, -70.74779, 43.50722]",2015-05-08
316,47.5489,-113.7777,2015,227,Structure,A,"[-113.8037, 47.5309, -113.7517, 47.5669]",2015-08-16
317,46.7032,-97.5082,2015,284,Structure,B,"[-97.5342, 46.6852, -97.4822, 46.7212]",2015-10-12
318,38.75,-95.83,2015,315,Structure,D,"[-95.856, 38.732, -95.804, 38.768]",2015-11-12
319,34.627194,-87.273114,2014,80,Structure,B,"[-87.29911, 34.60919, -87.24711, 34.64519]",2014-03-22
320,45.602140000000006,-87.95821,2014,134,Structure,C,"[-87.98421, 45.58414, -87.93221, 45.62014]",2014-05-15
321,39.03,-96.85,2015,75,Structure,A,"[-96.876, 39.012, -96.824, 39.048]",2015-03-17
322,39.01,-96.83,2015,293,Structure,B,"[-96.856, 38.992, -96.804, 39.028]",2015-10-21
323,33.545333,-85.526566,2014,348,Structure,A,"[-85.55257, 33.52733, -85.50057, 33.56333]",2014-12-15
324,46.593942999999996,-68.569475,2015,274,Structure,A,"[-68.59547, 46.57594, -68.54348, 46.61194]",2015-10-02
325,38.02,-97.94,2015,286,Structure,A,"[-97.966, 38.002, -97.914, 38.038]",2015-10-14
326,46.46382,-120.5,2015,177,Structure,A,"[-120.526, 46.44582, -120.474, 46.48182]",2015-06-27
327,27.6008,-81.5356,2015,75,Structure,B,"[-81.5616, 27.5828, -81.5096, 27.6188]",2015-03-17
328,46.251999999999995,-112.617,2015,158,Structure,A,"[-112.643, 46.234, -112.591, 46.27]",2015-06-08
329,43.3743,-74.4355,2015,129,Structure,B,"[-74.4615, 43.3563, -74.4095, 43.3923]",2015-05-10
330,33.725805,-87.398041,2014,239,Structure,B,"[-87.42404, 33.7078, -87.37204, 33.7438]",2014-08-28
331,39.83,-99.89,2015,151,Structure,A,"[-99.916, 39.812, -99.864, 39.848]",2015-06-01
332,44.9178,-88.91348,2015,317,Structure,A,"[-88.93948, 44.8998, -88.88748, 44.9358]",2015-11-14
333,45.14832,-91.14229,2015,285,Structure,A,"[-91.16829, 45.13032, -91.11629, 45.16632]",2015-10-13
334,38.11369167,-77.98395278,2014,57,Structure,A,"[-78.00995, 38.09569, -77.95795, 38.13169]",2014-02-27
335,37.70277778,-78.66388889,2015,90,Structure,B,"[-78.68989, 37.68478, -78.63789, 37.72078]",2015-04-01
336,43.49122,-102.22539,2014,297,Structure,A,"[-102.25139, 43.47322, -102.19939, 43.50922]",2014-10-25
337,38.48,-96.01,2015,26,Structure,D,"[-96.036, 38.462, -95.984, 38.498]",2015-01-27
338,48.5596,-118.1613,2015,218,Structure,A,"[-118.1873, 48.5416, -118.1353, 48.5776]",2015-08-07
339,34.6225,-83.71583333,2014,320,Structure,B,"[-83.74183, 34.6045, -83.68983, 34.6405]",2014-11-17
340,34.424046000000004,-79.39325699999999,2015,139,Structure,A,"[-79.41926, 34.40605, -79.36726, 34.44205]",2015-05-20
341,35.098817,-87.123417,2014,346,Structure,B,"[-87.14942, 35.08082, -87.09742, 35.11682]",2014-12-13
342,37.18538333,-81.13019722,2015,90,Structure,B,"[-81.1562, 37.16738, -81.1042, 37.20338]",2015-04-01
343,34.490711,-80.293495,2015,215,Structure,A,"[-80.31949, 34.47271, -80.2675, 34.50871]",2015-08-04
344,33.80916667,-85.66027778,2014,85,Structure,B,"[-85.68628, 33.79117, -85.63428, 33.82717]",2014-03-27
345,43.232279999999996,-102.47203,2014,294,Structure,A,"[-102.49803, 43.21428, -102.44603, 43.25028]",2014-10-22
346,38.3214,-76.1157,2014,325,Structure,B,"[-76.1417, 38.3034, -76.0897, 38.3394]",2014-11-22
347,33.369518,-80.773323,2014,126,Structure,B,"[-80.79932, 33.35152, -80.74732, 33.38752]",2014-05-07
348,33.142513,-81.074348,2015,8,Structure,B,"[-81.10035, 33.12451, -81.04835, 33.16051]",2015-01-09
349,47.22120464,-94.61881858,2015,291,Structure,A,"[-94.64482, 47.2032, -94.59282, 47.2392]",2015-10-19
350,44.722362,-68.9323743,2015,134,Structure,B,"[-68.95837, 44.70436, -68.90637, 44.74036]",2015-05-15
351,46.40237,-87.55570999999999,2014,139,Structure,B,"[-87.58171, 46.38437, -87.52971, 46.42037]",2014-05-20
352,35.61719,-97.99408000000001,2015,34,Structure,B,"[-98.02008, 35.59919, -97.96808, 35.63519]",2015-02-04
353,32.587677,-80.92749,2015,159,Structure,A,"[-80.95349, 32.56968, -80.90149, 32.60568]",2015-06-09
354,34.582951,-81.54984300000001,2015,43,Structure,B,"[-81.57584, 34.56495, -81.52384, 34.60095]",2015-02-13
355,33.436169,-80.101196,2015,39,Structure,B,"[-80.1272, 33.41817, -80.0752, 33.45417]",2015-02-09
356,34.669289,-81.013077,2014,103,Structure,B,"[-81.03908, 34.65129, -80.98708, 34.68729]",2014-04-14
357,35.80085,-86.02285,2014,124,Structure,B,"[-86.04885, 35.78285, -85.99685, 35.81885]",2014-05-05
358,41.0867,-123.7025,2014,79,Structure,A,"[-123.7285, 41.0687, -123.6765, 41.1047]",2014-03-21
359,36.200866999999995,-88.15083299999999,2014,73,Structure,B,"[-88.17683, 36.18287, -88.12483, 36.21887]",2014-03-15
360,48.5542,-113.0186,2015,192,Structure,A,"[-113.0446, 48.5362, -112.9926, 48.5722]",2015-07-12
361,39.06,-95.72,2015,75,Structure,A,"[-95.746, 39.042, -95.694, 39.078]",2015-03-17
362,42.1988,-76.5522,2015,269,Structure,A,"[-76.5782, 42.1808, -76.5262, 42.2168]",2015-09-27
363,45.828039000000004,-100.79765,2014,116,Structure,C,"[-100.82365, 45.81004, -100.77165, 45.84604]",2014-04-27
364,37.29,-96.91,2015,56,Structure,C,"[-96.936, 37.272, -96.884, 37.308]",2015-02-26
365,38.67,-96.94,2015,343,Structure,A,"[-96.966, 38.652, -96.914, 38.688]",2015-12-10
366,38.729436,-75.31626800000001,2015,176,Structure,B,"[-75.34227, 38.71144, -75.29027, 38.74744]",2015-06-26
367,43.18847,-102.75128000000001,2015,45,Structure,B,"[-102.77728, 43.17047, -102.72528, 43.20647]",2015-02-15
368,30.6084,-81.9947,2014,325,Structure,B,"[-82.0207, 30.5904, -81.9687, 30.6264]",2014-11-22
369,38.65833333,-77.75,2014,74,Structure,B,"[-77.776, 38.64033, -77.724, 38.67633]",2014-03-16
370,43.57269,-86.05585,2015,108,Structure,B,"[-86.08185, 43.55469, -86.02985, 43.59069]",2015-04-19
371,30.7653,-98.07465,2015,286,Structure,B,"[-98.10065, 30.7473, -98.04865, 30.7833]",2015-10-14
372,48.3667,-114.265,2015,215,Structure,A,"[-114.291, 48.3487, -114.239, 48.3847]",2015-08-04
373,48.6898,-117.9473,2015,103,Structure,A,"[-117.9733, 48.6718, -117.9213, 48.7078]",2015-04-14
374,45.242059999999995,-87.9342,2015,79,Structure,A,"[-87.9602, 45.22406, -87.9082, 45.26006]",2015-03-21
375,48.2594,-118.2,2014,186,Structure,A,"[-118.226, 48.2414, -118.174, 48.2774]",2014-07-06
376,46.18139723,-92.85795041,2015,122,Structure,B,"[-92.88395, 46.1634, -92.83195, 46.1994]",2015-05-03
377,43.515209999999996,-89.4396,2015,143,Structure,A,"[-89.4656, 43.49721, -89.4136, 43.53321]",2015-05-24
378,43.42008,-102.17472,2015,93,Structure,A,"[-102.20072, 43.40208, -102.14872, 43.43808]",2015-04-04
379,33.66431,-81.155167,2014,244,Structure,B,"[-81.18117, 33.64631, -81.12917, 33.68231]",2014-09-02
380,45.62214,-106.65211000000001,2015,251,Structure,B,"[-106.67811, 45.60414, -106.62611, 45.64014]",2015-09-09
381,39.49,-95.25,2015,28,Structure,C,"[-95.276, 39.472, -95.224, 39.508]",2015-01-29
382,39.01,-96.84,2015,65,Structure,A,"[-96.866, 38.992, -96.814, 39.028]",2015-03-07
383,34.206387,-81.806122,2014,188,Structure,C,"[-81.83212, 34.18839, -81.78012, 34.22439]",2014-07-08
384,37.24,-96.9,2015,38,Structure,A,"[-96.926, 37.222, -96.874, 37.258]",2015-02-08
385,37.88813522,-82.20143805,2014,100,Structure,C,"[-82.22744, 37.87014, -82.17544, 37.90614]",2014-04-11
386,32.081389,-87.64875699999999,2014,146,Structure,B,"[-87.67476, 32.06339, -87.62276, 32.09939]",2014-05-27
387,39.17182842,-80.1724485,2015,309,Structure,A,"[-80.19845, 39.15383, -80.14645, 39.18983]",2015-11-06
388,34.473263,-82.559265,2014,89,Structure,A,"[-82.58526, 34.45526, -82.53326, 34.49126]",2014-03-31
389,34.294276,-86.15192900000001,2015,217,Structure,B,"[-86.17793, 34.27628, -86.12593, 34.31228]",2015-08-06
390,33.379234000000004,-80.21149399999999,2015,75,Structure,B,"[-80.23749, 33.36123, -80.18549, 33.39723]",2015-03-17
391,43.613459999999996,-89.86101,2015,120,Structure,A,"[-89.88701, 43.59546, -89.83501, 43.63146]",2015-05-01
392,45.5361,-106.9544,2015,139,Structure,B,"[-106.9804, 45.5181, -106.9284, 45.5541]",2015-05-20
393,47.4378,-107.335,2015,241,Structure,B,"[-107.361, 47.4198, -107.309, 47.4558]",2015-08-30
394,39.7967,-123.2697,2014,271,Structure,B,"[-123.2957, 39.7787, -123.2437, 39.8147]",2014-09-29
395,48.8939,-99.8775,2015,100,Structure,B,"[-99.9035, 48.8759, -99.8515, 48.9119]",2015-04-11
396,38.29416667,-78.6,2014,99,Structure,B,"[-78.626, 38.27617, -78.574, 38.31217]",2014-04-10
397,39.79,-76.26278,2015,106,Structure,B,"[-76.28878, 39.772, -76.23678, 39.808]",2015-04-17
398,34.431381,-80.10282099999999,2014,93,Structure,B,"[-80.12882, 34.41338, -80.07682, 34.44938]",2014-04-04
399,36.522667,-83.24,2015,90,Structure,C,"[-83.266, 36.50467, -83.214, 36.54067]",2015-04-01
400,37.03705556,-80.82716111,2015,44,Structure,B,"[-80.85316, 37.01906, -80.80116, 37.05506]",2015-02-14
401,46.3749,-102.3244,2015,128,Structure,B,"[-102.3504, 46.3569, -102.2984, 46.3929]",2015-05-09
402,33.736565,-87.049376,2014,20,Structure,B,"[-87.07538, 33.71856, -87.02338, 33.75456]",2014-01-21
403,35.372917,-85.590583,2014,91,Structure,B,"[-85.61658, 35.35492, -85.56458, 35.39092]",2014-04-02
404,35.574683,-84.907583,2014,256,Structure,A,"[-84.93358, 35.55668, -84.88158, 35.59268]",2014-09-14
405,43.02892,-102.552,2015,199,Structure,A,"[-102.578, 43.01092, -102.526, 43.04692]",2015-07-19
406,35.143433,-87.76258299999999,2015,59,Structure,B,"[-87.78858, 35.12543, -87.73658, 35.16143]",2015-03-01
407,39.73305633,-80.6889997,2014,87,Structure,B,"[-80.715, 39.71506, -80.663, 39.75106]",2014-03-29
408,33.3346,-105.6111,2014,60,Structure,B,"[-105.6371, 33.3166, -105.5851, 33.3526]",2014-03-02
409,33.692245,-81.802177,2014,39,Structure,B,"[-81.82818, 33.67424, -81.77618, 33.71024]",2014-02-09
410,33.781987,-87.20683199999999,2014,239,Structure,B,"[-87.23283, 33.76399, -87.18083, 33.79999]",2014-08-28
411,43.57917,-84.9603,2014,146,Structure,B,"[-84.9863, 43.56117, -84.9343, 43.59717]",2014-05-27
412,43.31844,-102.36771999999999,2014,102,Structure,A,"[-102.39372, 43.30044, -102.34172, 43.33644]",2014-04-13
413,37.88,-97.4,2015,181,Structure,D,"[-97.426, 37.862, -97.374, 37.898]",2015-07-01
414,44.82933,-88.04326,2015,86,Structure,A,"[-88.06926, 44.81133, -88.01726, 44.84733]",2015-03-28
415,43.539491999999996,-86.195408,2015,116,Structure,B,"[-86.22141, 43.52149, -86.16941, 43.55749]",2015-04-27
416,48.92,-113.4031,2015,197,Structure,B,"[-113.4291, 48.902, -113.3771, 48.938]",2015-07-17
417,35.8764,-110.6167,2015,321,Structure,A,"[-110.6427, 35.8584, -110.5907, 35.8944]",2015-11-18
418,48.85,-99.7222,2015,105,Structure,A,"[-99.7482, 48.832, -99.6962, 48.868]",2015-04-16
419,45.324020000000004,-91.61004,2014,111,Structure,B,"[-91.63604, 45.30602, -91.58404, 45.34202]",2014-04-22
420,32.96,-105.64861100000002,2015,36,Structure,A,"[-105.67461, 32.942, -105.62261, 32.978]",2015-02-06
421,39.20790671,-80.70885305,2015,322,Structure,B,"[-80.73485, 39.18991, -80.68285, 39.22591]",2015-11-19
422,33.407841999999995,-86.21021400000001,2014,143,Structure,B,"[-86.23621, 33.38984, -86.18421, 33.42584]",2014-05-24
423,32.983681,-87.650389,2015,43,Structure,A,"[-87.67639, 32.96568, -87.62439, 33.00168]",2015-02-13
424,27.0889,-80.9646,2015,96,Structure,B,"[-80.9906, 27.0709, -80.9386, 27.1069]",2015-04-07
425,36.3233,-106.0311,2014,165,Structure,A,"[-106.0571, 36.3053, -106.0051, 36.3413]",2014-06-15
426,37.2,-97.0,2015,74,Structure,A,"[-97.026, 37.182, -96.974, 37.218]",2015-03-16
427,36.292233,-88.64783299999999,2015,160,Structure,A,"[-88.67383, 36.27423, -88.62183, 36.31023]",2015-06-10
428,42.4267,-123.1694,2015,130,Structure,A,"[-123.1954, 42.4087, -123.1434, 42.4447]",2015-05-11
429,37.8926,-112.709299,2014,3,Structure,A,"[-112.7353, 37.8746, -112.6833, 37.9106]",2014-01-04
430,34.414615999999995,-86.323264,2015,265,Structure,B,"[-86.34926, 34.39662, -86.29726, 34.43262]",2015-09-23
431,34.444117999999996,-85.55608199999999,2015,102,Structure,B,"[-85.58208, 34.42612, -85.53008, 34.46212]",2015-04-13
432,45.5661,-118.59,2015,171,Structure,A,"[-118.616, 45.5481, -118.564, 45.5841]",2015-06-21
433,30.97161,-89.95461,2014,15,Structure,B,"[-89.98061, 30.95361, -89.92861, 30.98961]",2014-01-16
434,37.69,-97.14,2015,27,Structure,A,"[-97.166, 37.672, -97.114, 37.708]",2015-01-28
435,35.0226,-85.60458299999999,2014,86,Structure,B,"[-85.63058, 35.0046, -85.57858, 35.0406]",2014-03-28
436,33.945518,-80.482422,2014,248,Structure,B,"[-80.50842, 33.92752, -80.45642, 33.96352]",2014-09-06
437,37.85071034,-81.99099633,2014,83,Structure,B,"[-82.017, 37.83271, -81.965, 37.86871]",2014-03-25
438,48.1481,-105.1667,2015,101,Structure,B,"[-105.1927, 48.1301, -105.1407, 48.1661]",2015-04-12
439,33.752485,-87.171908,2014,345,Structure,A,"[-87.19791, 33.73448, -87.14591, 33.77048]",2014-12-12
440,33.655763,-86.36876099999999,2014,346,Structure,B,"[-86.39476, 33.63776, -86.34276, 33.67376]",2014-12-13
441,48.8786,-99.9953,2014,136,Structure,C,"[-100.0213, 48.8606, -99.9693, 48.8966]",2014-05-17
442,32.834724,-80.85239399999999,2015,28,Structure,B,"[-80.87839, 32.81672, -80.82639, 32.85272]",2015-01-29
443,34.14343,-87.78568299999999,2014,31,Structure,B,"[-87.81168, 34.12543, -87.75968, 34.16143]",2014-02-01
444,44.392291,-85.229692,2014,180,Structure,B,"[-85.25569, 44.37429, -85.20369, 44.41029]",2014-06-30
445,32.343241,-85.667542,2015,217,Structure,B,"[-85.69354, 32.32524, -85.64154, 32.36124]",2015-08-06
446,34.89906,-98.45569,2015,199,Structure,B,"[-98.48169, 34.88106, -98.42969, 34.91706]",2015-07-19
447,36.304983,-82.544167,2014,116,Structure,B,"[-82.57017, 36.28698, -82.51817, 36.32298]",2014-04-27
448,37.64916667,-79.01638889,2015,91,Structure,B,"[-79.04239, 37.63117, -78.99039, 37.66717]",2015-04-02
449,35.963102,-82.515534,2015,340,Structure,A,"[-82.54153, 35.9451, -82.48953, 35.9811]",2015-12-07
450,35.4658,-83.3711,2015,129,Structure,A,"[-83.3971, 35.4478, -83.3451, 35.4838]",2015-05-10
451,44.458890000000004,-120.85028,2014,201,Structure,B,"[-120.87628, 44.44089, -120.82428, 44.47689]",2014-07-21
452,39.44,-99.66,2015,175,Structure,B,"[-99.686, 39.422, -99.634, 39.458]",2015-06-25
453,48.6303,-98.6673,2015,295,Structure,B,"[-98.6933, 48.6123, -98.6413, 48.6483]",2015-10-23
454,34.367356,-85.978041,2014,335,Structure,B,"[-86.00404, 34.34936, -85.95204, 34.38536]",2014-12-02
455,37.29,-97.01,2015,100,Structure,B,"[-97.036, 37.272, -96.984, 37.308]",2015-04-11
456,38.44925026,-80.05739087,2014,171,Structure,B,"[-80.08339, 38.43125, -80.03139, 38.46725]",2014-06-21
457,33.615584000000005,-87.692266,2014,41,Structure,B,"[-87.71827, 33.59758, -87.66627, 33.63358]",2014-02-11
458,42.2125,-123.0467,2015,217,Structure,A,"[-123.0727, 42.1945, -123.0207, 42.2305]",2015-08-06
459,42.4139,-122.7175,2015,169,Structure,B,"[-122.7435, 42.3959, -122.6915, 42.4319]",2015-06-19
460,40.622126,-111.299858,2014,184,Structure,A,"[-111.32586, 40.60413, -111.27386, 40.64013]",2014-07-04
461,33.864899,-79.464157,2015,45,Structure,B,"[-79.49016, 33.8469, -79.43816, 33.8829]",2015-02-15
462,43.82339,-89.92845,2015,310,Structure,A,"[-89.95445, 43.80539, -89.90245, 43.84139]",2015-11-07
463,38.58747595,-82.16988988,2014,73,Structure,A,"[-82.19589, 38.56948, -82.14389, 38.60548]",2014-03-15
464,29.01416667,-81.63861111,2014,142,Structure,A,"[-81.66461, 28.99617, -81.61261, 29.03217]",2014-05-23
465,40.231404,-89.847422,2015,277,Structure,A,"[-89.87342, 40.2134, -89.82142, 40.2494]",2015-10-05
466,33.748131,-79.401093,2015,40,Structure,A,"[-79.42709, 33.73013, -79.37509, 33.76613]",2015-02-10
467,40.5866,-74.1892,2014,114,Structure,C,"[-74.2152, 40.5686, -74.1632, 40.6046]",2014-04-25
468,36.319666999999995,-88.680817,2014,202,Structure,A,"[-88.70682, 36.30167, -88.65482, 36.33767]",2014-07-22
469,38.18778333,-77.43456944,2014,102,Structure,C,"[-77.46057, 38.16978, -77.40857, 38.20578]",2014-04-13
470,34.791302,-80.920387,2015,46,Structure,B,"[-80.94639, 34.7733, -80.89439, 34.8093]",2015-02-16
471,33.407783,-86.422011,2014,27,Structure,A,"[-86.44801, 33.38978, -86.39601, 33.42578]",2014-01-28
472,41.5187547,-72.7245052,2015,215,Structure,B,"[-72.75051, 41.50075, -72.69851, 41.53675]",2015-08-04
473,39.4250467,-80.15111671,2015,319,Structure,B,"[-80.17712, 39.40705, -80.12512, 39.44305]",2015-11-16
474,38.16,-97.92,2015,75,Structure,B,"[-97.946, 38.142, -97.894, 38.178]",2015-03-17
475,35.826283000000004,-88.32216700000001,2014,28,Structure,B,"[-88.34817, 35.80828, -88.29617, 35.84428]",2014-01-29
476,39.11,-95.6,2015,92,Structure,A,"[-95.626, 39.092, -95.574, 39.128]",2015-04-03
477,44.682122,-83.577928,2014,132,Structure,A,"[-83.60393, 44.66412, -83.55193, 44.70012]",2014-05-13
478,35.291066,-79.91440899999999,2015,249,Structure,A,"[-79.94041, 35.27307, -79.88841, 35.30907]",2015-09-07
479,45.01157,-71.00805,2015,270,Structure,A,"[-71.03405, 44.99357, -70.98205, 45.02957]",2015-09-28
480,46.1667,-102.1468,2015,69,Structure,B,"[-102.1728, 46.1487, -102.1208, 46.1847]",2015-03-11
481,35.18245,-87.340317,2014,21,Structure,B,"[-87.36632, 35.16445, -87.31432, 35.20045]",2014-01-22
482,39.435045,-78.28708009,2014,298,Structure,B,"[-78.31308, 39.41704, -78.26108, 39.45305]",2014-10-26
483,33.541626,-81.801353,2015,200,Structure,B,"[-81.82735, 33.52363, -81.77535, 33.55963]",2015-07-20
484,30.4737,-83.3029,2014,348,Structure,A,"[-83.3289, 30.4557, -83.2769, 30.4917]",2014-12-15
485,33.542995,-81.797218,2014,273,Structure,B,"[-81.82322, 33.52499, -81.77122, 33.561]",2014-10-01
486,33.578635,-87.275242,2014,326,Structure,B,"[-87.30124, 33.56064, -87.24924, 33.59664]",2014-11-23
487,34.341297,-81.870956,2014,117,Structure,B,"[-81.89696, 34.3233, -81.84496, 34.3593]",2014-04-28
488,35.332133,-87.659083,2015,318,Structure,A,"[-87.68508, 35.31413, -87.63308, 35.35013]",2015-11-15
489,37.75270843,-81.18388862,2014,102,Structure,A,"[-81.20989, 37.73471, -81.15789, 37.77071]",2014-04-13
490,37.543,-79.711,2015,114,Structure,A,"[-79.737, 37.525, -79.685, 37.561]",2015-04-25
491,37.13535,-78.56171111,2015,77,Structure,B,"[-78.58771, 37.11735, -78.53571, 37.15335]",2015-03-19
492,36.58472222,-78.94722222,2015,67,Structure,B,"[-78.97322, 36.56672, -78.92122, 36.60272]",2015-03-09
493,37.79,-78.3775,2015,93,Structure,A,"[-78.4035, 37.772, -78.3515, 37.808]",2015-04-04
494,36.80361111,-83.055,2015,316,Structure,C,"[-83.081, 36.78561, -83.029, 36.82161]",2015-11-13
